-- MySQL dump 10.13  Distrib 5.7.28, for macos10.14 (x86_64)
--
-- Host: localhost    Database: car_rental
-- ------------------------------------------------------
-- Server version	5.7.28

/*!40101 SET @OLD_CHARACTER_SET_CLIENT=@@CHARACTER_SET_CLIENT */;
/*!40101 SET @OLD_CHARACTER_SET_RESULTS=@@CHARACTER_SET_RESULTS */;
/*!40101 SET @OLD_COLLATION_CONNECTION=@@COLLATION_CONNECTION */;
/*!40101 SET NAMES utf8 */;
/*!40103 SET @OLD_TIME_ZONE=@@TIME_ZONE */;
/*!40103 SET TIME_ZONE='+00:00' */;
/*!40014 SET @OLD_UNIQUE_CHECKS=@@UNIQUE_CHECKS, UNIQUE_CHECKS=0 */;
/*!40014 SET @OLD_FOREIGN_KEY_CHECKS=@@FOREIGN_KEY_CHECKS, FOREIGN_KEY_CHECKS=0 */;
/*!40101 SET @OLD_SQL_MODE=@@SQL_MODE, SQL_MODE='NO_AUTO_VALUE_ON_ZERO' */;
/*!40111 SET @OLD_SQL_NOTES=@@SQL_NOTES, SQL_NOTES=0 */;

--
-- Table structure for table `Activity`
--

DROP TABLE IF EXISTS `Activity`;
/*!40101 SET @saved_cs_client     = @@character_set_client */;
/*!40101 SET character_set_client = utf8 */;
CREATE TABLE `Activity` (
  `actID` char(8) NOT NULL,
  `event` char(1) NOT NULL,
  `clientID` char(8) DEFAULT NULL,
  `carID` varchar(10) NOT NULL,
  `employeeID` char(8) NOT NULL,
  `date` timestamp NOT NULL DEFAULT CURRENT_TIMESTAMP ON UPDATE CURRENT_TIMESTAMP,
  `relateActID` char(8) DEFAULT NULL,
  `actNote` varchar(255) DEFAULT NULL,
  PRIMARY KEY (`actID`),
  KEY `activity_ibfk_1` (`clientID`),
  KEY `activity_ibfk_2` (`carID`),
  KEY `activity_ibfk_3` (`employeeID`),
  KEY `activity_ibfk_4` (`relateActID`),
  CONSTRAINT `activity_ibfk_1` FOREIGN KEY (`clientID`) REFERENCES `Client` (`clientID`) ON DELETE CASCADE ON UPDATE CASCADE,
  CONSTRAINT `activity_ibfk_2` FOREIGN KEY (`carID`) REFERENCES `Car` (`carID`) ON DELETE CASCADE ON UPDATE CASCADE,
  CONSTRAINT `activity_ibfk_3` FOREIGN KEY (`employeeID`) REFERENCES `Employee` (`employeeID`) ON DELETE CASCADE ON UPDATE CASCADE,
  CONSTRAINT `activity_ibfk_4` FOREIGN KEY (`relateActID`) REFERENCES `Activity` (`actID`) ON DELETE CASCADE ON UPDATE CASCADE
) ENGINE=InnoDB DEFAULT CHARSET=utf8;
/*!40101 SET character_set_client = @saved_cs_client */;

--
-- Dumping data for table `Activity`
--

LOCK TABLES `Activity` WRITE;
/*!40000 ALTER TABLE `Activity` DISABLE KEYS */;
INSERT INTO `Activity` VALUES ('1','0','1','云G31Z43','1','2017-06-01 03:02:52',NULL,NULL),('10','1','2','粤L37801','1','2018-06-18 03:10:32','6',NULL),('11','2','2','粤L37801','1','2018-06-18 03:10:32','6',NULL),('12','0','3','晋ED8120','1','2019-05-27 03:11:46',NULL,NULL),('13','4',NULL,'云G31Z43','1','2017-06-18 03:13:54',NULL,NULL),('14','4',NULL,'粤L37801','1','2018-06-18 03:14:15',NULL,NULL),('15','3','3','晋ED8120','1','2019-06-01 03:14:56','12',NULL),('16','3','3','晋ED8120','1','2019-06-10 03:15:00','12',NULL),('17','3','3','晋ED8120','1','2019-06-13 03:15:03','12',NULL),('18','1','3','晋ED8120','1','2019-06-18 03:16:14','12',NULL),('19','2','3','晋ED8120','1','2019-06-18 03:16:14','12',NULL),('2','3','1','云G31Z43','1','2017-06-09 03:03:36','1',NULL),('20','0','1','蒙A22SI6','3','2020-01-10 03:25:07',NULL,NULL),('21','4',NULL,'晋ED8120','3','2019-06-30 03:26:05',NULL,NULL),('22','3','1','蒙A22SI6','3','2020-01-12 03:26:34','20',NULL),('23','3','1','蒙A22SI6','3','2020-01-17 03:26:42','20',NULL),('24','1','1','蒙A22SI6','3','2020-01-18 03:28:20','20',NULL),('25','2','1','蒙A22SI6','3','2020-01-18 03:28:20','20',NULL),('26','0','2','渝G1RU59','3','2020-02-14 03:29:23',NULL,NULL),('27','4',NULL,'蒙A22SI6','1','2020-02-18 03:30:06',NULL,NULL),('28','3','2','渝G1RU59','1','2020-02-18 03:31:17','26',NULL),('29','1','2','渝G1RU59','1','2020-02-18 03:31:33','26',NULL),('3','3','1','云G31Z43','1','2017-06-14 03:03:40','1',NULL),('30','2','2','渝G1RU59','1','2020-02-18 03:31:33','26',NULL),('31','4',NULL,'渝G1RU59','1','2020-02-21 03:32:04',NULL,NULL),('32','0','4','甘J7V1R9','1','2020-03-12 03:34:59',NULL,NULL),('33','1','4','甘J7V1R9','1','2020-03-18 03:35:44','32',NULL),('34','2','4','甘J7V1R9','1','2020-03-18 03:35:44','32',NULL),('35','0','5','晋J98N1M','3','2020-04-02 03:36:29',NULL,NULL),('36','3','5','晋J98N1M','3','2020-04-08 03:37:07','35',NULL),('37','3','5','晋J98N1M','3','2020-04-16 03:37:12','35',NULL),('38','1','5','晋J98N1M','1','2020-04-18 03:37:38','35',NULL),('39','2','5','晋J98N1M','1','2020-04-18 03:37:38','35',NULL),('4','1','1','云G31Z43','3','2017-06-18 03:07:08','1',NULL),('40','4',NULL,'晋J98N1M','2','2020-04-18 03:38:18',NULL,NULL),('41','4',NULL,'云Q2MM69','2','2020-04-18 03:38:21',NULL,NULL),('42','0','1','辽H4G51H','3','2020-05-17 03:39:27',NULL,NULL),('43','3','1','辽H4G51H','3','2020-05-18 03:40:44','42',NULL),('44','1','1','辽H4G51H','1','2020-05-18 03:41:13','42',NULL),('45','2','1','辽H4G51H','1','2020-05-18 03:41:13','42',NULL),('46','0','2','川W0Y039','3','2020-06-01 03:43:12',NULL,NULL),('47','1','2','川W0Y039','3','2020-06-05 03:44:09','46',NULL),('48','2','2','川W0Y039','3','2020-06-05 03:44:09','46',NULL),('49','0','1','粤X3T2S2','3','2020-06-02 03:44:58',NULL,NULL),('5','2','1','云G31Z43','3','2017-06-18 03:07:08','1',NULL),('50','3','1','粤X3T2S2','1','2020-06-03 03:45:47','49',NULL),('51','3','1','粤X3T2S2','1','2020-06-05 03:45:52','49',NULL),('52','1','1','粤X3T2S2','1','2020-06-07 03:46:34','49',NULL),('53','2','1','粤X3T2S2','1','2020-06-07 03:46:34','49',NULL),('54','4',NULL,'川W0Y039','4','2020-06-10 03:46:52',NULL,NULL),('55','4',NULL,'甘J7V1R9','4','2020-06-10 03:46:55',NULL,NULL),('56','4',NULL,'粤Z30688','4','2020-06-10 03:47:10',NULL,NULL),('57','0','5','赣G8VF71','3','2020-06-12 03:48:51',NULL,NULL),('58','1','5','赣G8VF71','1','2020-06-14 03:49:47','57',NULL),('59','2','5','赣G8VF71','1','2020-06-14 03:49:47','57',NULL),('6','0','2','粤L37801','1','2018-06-06 03:08:13',NULL,NULL),('60','0','2','渝AU6N98','1','2020-06-15 03:50:35',NULL,NULL),('61','3','2','渝AU6N98','1','2020-06-18 03:52:15','60',NULL),('62','3','2','渝AU6N98','1','2020-06-18 03:52:20','60',NULL),('63','3','2','渝AU6N98','1','2020-06-18 03:52:23','60',NULL),('64','1','2','渝AU6N98','3','2020-06-18 03:52:34','60',NULL),('65','2','2','渝AU6N98','3','2020-06-18 03:52:34','60',NULL),('66','4',NULL,'渝AU6N98','4','2020-06-18 03:52:51',NULL,NULL),('67','0','4','新A2R168','3','2020-06-17 03:54:10',NULL,NULL),('68','1','4','新A2R168','1','2020-06-18 03:54:54','67',NULL),('69','2','4','新A2R168','1','2020-06-18 03:54:54','67',NULL),('7','3','2','粤L37801','3','2018-06-10 03:08:50','6',NULL),('8','3','2','粤L37801','3','2018-06-14 03:09:04','6',NULL),('9','3','2','粤L37801','3','2018-06-18 03:09:07','6',NULL);
/*!40000 ALTER TABLE `Activity` ENABLE KEYS */;
UNLOCK TABLES;
/*!50003 SET @saved_cs_client      = @@character_set_client */ ;
/*!50003 SET @saved_cs_results     = @@character_set_results */ ;
/*!50003 SET @saved_col_connection = @@collation_connection */ ;
/*!50003 SET character_set_client  = utf8mb4 */ ;
/*!50003 SET character_set_results = utf8mb4 */ ;
/*!50003 SET collation_connection  = utf8mb4_general_ci */ ;
/*!50003 SET @saved_sql_mode       = @@sql_mode */ ;
/*!50003 SET sql_mode              = 'ONLY_FULL_GROUP_BY,STRICT_TRANS_TABLES,NO_ZERO_IN_DATE,NO_ZERO_DATE,ERROR_FOR_DIVISION_BY_ZERO,NO_ENGINE_SUBSTITUTION' */ ;
DELIMITER ;;
/*!50003 CREATE*/ /*!50017 DEFINER=`root`@`localhost`*/ /*!50003 trigger return_activity
after insert on activity
for each row
begin
	if(NEW.event = '4')
	then
				update Car
				set car.condition = '5'
				where Car.carID = NEW.carID;
	end if;
end */;;
DELIMITER ;
/*!50003 SET sql_mode              = @saved_sql_mode */ ;
/*!50003 SET character_set_client  = @saved_cs_client */ ;
/*!50003 SET character_set_results = @saved_cs_results */ ;
/*!50003 SET collation_connection  = @saved_col_connection */ ;

--
-- Table structure for table `Car`
--

DROP TABLE IF EXISTS `Car`;
/*!40101 SET @saved_cs_client     = @@character_set_client */;
/*!40101 SET character_set_client = utf8 */;
CREATE TABLE `Car` (
  `carID` varchar(10) NOT NULL,
  `brand` varchar(20) DEFAULT NULL,
  `status` char(1) NOT NULL DEFAULT '1',
  `rent` int(11) NOT NULL,
  `pledge` int(11) NOT NULL,
  `condition` char(1) NOT NULL DEFAULT '5',
  PRIMARY KEY (`carID`)
) ENGINE=InnoDB DEFAULT CHARSET=utf8;
/*!40101 SET character_set_client = @saved_cs_client */;

--
-- Dumping data for table `Car`
--

LOCK TABLES `Car` WRITE;
/*!40000 ALTER TABLE `Car` DISABLE KEYS */;
INSERT INTO `Car` VALUES ('云A182JU','雪佛兰','1',180,3600,'5'),('云A2U973','法拉利','1',200,4000,'5'),('云D4L0D1','雪铁龙','1',200,4000,'5'),('云DH7N71','林肯','1',180,3600,'5'),('云E9O0G5','比亚迪','1',160,3200,'5'),('云FR3E56','兰博基尼','1',170,3400,'5'),('云G303X8','长城','1',160,3200,'5'),('云G31Z43','捷豹','1',190,3800,'5'),('云H165QX','宝马','1',170,3400,'5'),('云H19WC4','奥迪','1',220,4400,'5'),('云H50S77','比亚迪','1',160,3200,'5'),('云L3IE43','福特','1',190,3800,'5'),('云LE57D0','夏利','1',150,3000,'5'),('云LJ3F29','沃克斯豪尔','1',210,4200,'5'),('云LM57Q0','雪佛兰','1',180,3600,'5'),('云M17529','一汽大众','1',150,3000,'5'),('云Q2MM69','雪佛兰','1',180,3600,'5'),('云Q73831','奥迪','1',220,4400,'5'),('云Q7Q2U7','凯迪拉克','1',190,3800,'5'),('云Q8JA89','奥迪','1',220,4400,'5'),('云Q8L8T5','玛莎拉蒂','1',210,4200,'5'),('云R 61O0Z','捷豹','1',190,3800,'5'),('云R XT014','一汽大众','1',150,3000,'5'),('京A6M30C','玛莎拉蒂','1',210,4200,'5'),('京A96M0V','法拉利','1',200,4000,'5'),('京B1QD35','比亚迪','1',160,3200,'5'),('京BU8D23','捷豹','1',190,3800,'5'),('京CR7V07','迈巴赫','1',210,4200,'4'),('京E6QH80','比亚迪','1',160,3200,'5'),('京EE76J5','奔驰','1',170,3400,'5'),('京G25A9L','兰博基尼','1',170,3400,'5'),('京H1WA15','凯迪拉克','1',190,3800,'5'),('冀A27657','林肯','1',180,3600,'5'),('冀D4256I','北京现代','1',160,3200,'5'),('冀EY3W85','比亚迪','1',160,3200,'5'),('冀G6BZ11','法拉利','1',200,4000,'5'),('冀G8Q64D','雪佛兰','1',180,3600,'5'),('冀RS38V1','凯迪拉克','1',190,3800,'5'),('冀T32Z1M','沃克斯豪尔','1',210,4200,'5'),('冀T4128N','林肯','1',180,3600,'5'),('吉B06Q62','北京现代','1',160,3200,'4'),('吉BG8O89','奥迪','1',220,4400,'5'),('吉C06420','捷豹','1',190,3800,'5'),('吉C3Y1M0','夏利','1',150,3000,'5'),('吉D5974F','长城','1',160,3200,'5'),('吉F7BP28','长城','1',160,3200,'5'),('吉G1GW13','福特','1',190,3800,'5'),('吉JZ90O5','比亚迪','1',160,3200,'5'),('宁A36J56','雪铁龙','1',200,4000,'5'),('宁A7M477','奔驰','1',170,3400,'5'),('宁B20DY9','奥迪','1',220,4400,'5'),('宁B6X314','雪铁龙','1',200,4000,'5'),('宁BK91K1','路虎','1',180,3600,'5'),('宁D58Q8V','雪铁龙','1',200,4000,'5'),('川A93G2P','比亚迪','1',160,3200,'5'),('川C5H5N2','比亚迪','1',160,3200,'5'),('川C90IJ4','比亚迪','1',160,3200,'5'),('川D8572V','玛莎拉蒂','1',210,4200,'5'),('川E67611','法拉利','1',200,4000,'5'),('川H3J63F','捷豹','1',190,3800,'5'),('川HR7392','夏利','1',150,3000,'5'),('川HS9Q74','奔驰','1',170,3400,'5'),('川J0IW19','路虎','1',180,3600,'5'),('川J7SJ39','长城','1',160,3200,'5'),('川JJ081W','奥迪','1',220,4400,'5'),('川K8D98S','法拉利','1',200,4000,'5'),('川L31P16','宝马','1',170,3400,'5'),('川L4H2T4','长城','1',160,3200,'5'),('川Q75V54','兰博基尼','1',170,3400,'5'),('川R033UZ','长城','1',160,3200,'5'),('川R1D329','沃尔沃','1',220,4400,'5'),('川RH25E5','福特','1',190,3800,'5'),('川SC4568','凯迪拉克','1',190,3800,'5'),('川SC9225','路虎','1',180,3600,'5'),('川U0XQ16','夏利','1',150,3000,'5'),('川U9OH06','兰博基尼','1',170,3400,'5'),('川W0MH87','捷豹','1',190,3800,'5'),('川W0Y039','兰博基尼','1',170,3400,'5'),('川W273I4','比亚迪','1',160,3200,'5'),('川W2X10R','北京现代','1',160,3200,'5'),('川Y6N0D2','法拉利','1',200,4000,'5'),('川Y8PF17','北京现代','1',160,3200,'2'),('新A2R168','兰博基尼','1',170,3400,'4'),('新AC4N27','沃克斯豪尔','1',210,4200,'5'),('新AG3R67','林肯','1',180,3600,'5'),('新B48127','奥迪','1',220,4400,'5'),('新CM2V27','迈巴赫','1',210,4200,'5'),('新CS4E23','比亚迪','1',160,3200,'5'),('新D2767E','比亚迪','1',160,3200,'5'),('新EL9Y35','宝马','1',170,3400,'5'),('新FT4S59','法拉利','1',200,4000,'5'),('新H17V8P','路虎','1',180,3600,'5'),('新J0LX61','沃克斯豪尔','1',210,4200,'5'),('晋A03ZJ9','夏利','1',150,3000,'5'),('晋A14LZ0','沃克斯豪尔','1',210,4200,'5'),('晋A1RB26','比亚迪','1',160,3200,'5'),('晋AP4628','奥迪','1',220,4400,'5'),('晋B41O3V','凯迪拉克','1',190,3800,'5'),('晋C31V40','比亚迪','1',160,3200,'5'),('晋C32KS6','一汽大众','1',150,3000,'5'),('晋D0H69K','凯迪拉克','1',190,3800,'5'),('晋DB80K6','沃克斯豪尔','1',210,4200,'5'),('晋E1ZH63','保时捷','1',200,4000,'5'),('晋ED8120','雪佛兰','1',180,3600,'5'),('晋F36YD8','一汽大众','1',150,3000,'5'),('晋H15NC5','一汽大众','1',150,3000,'5'),('晋J8HP82','奔驰','1',170,3400,'5'),('晋J8KN70','沃尔沃','1',220,4400,'5'),('晋J98N1M','福特','1',190,3800,'5'),('晋MH8B31','比亚迪','1',160,3200,'5'),('桂E3QK89','路虎','1',180,3600,'4'),('桂E4618H','奔驰','1',170,3400,'5'),('桂EO285X','迈巴赫','1',210,4200,'5'),('桂G19WQ7','迈巴赫','1',210,4200,'5'),('桂GM78F2','捷豹','1',190,3800,'5'),('桂GS6D49','北京现代','1',160,3200,'5'),('桂H7M82Y','玛莎拉蒂','1',210,4200,'5'),('桂H7SD89','沃尔沃','1',220,4400,'5'),('桂JZ86D6','宝马','1',170,3400,'5'),('桂MW8P91','雪铁龙','1',200,4000,'5'),('桂N19Y74','奔驰','1',170,3400,'5'),('桂N1B3N6','兰博基尼','0',170,3400,'5'),('桂N3W158','长城','1',160,3200,'5'),('桂RB11E2','一汽大众','1',150,3000,'5'),('沪A8I5M0','捷豹','1',190,3800,'5'),('沪BJ32G9','路虎','1',180,3600,'5'),('沪C3Q80R','玛莎拉蒂','1',210,4200,'4'),('沪CL9153','林肯','1',180,3600,'5'),('沪CP92P7','福特','1',190,3800,'5'),('沪D0E5M2','沃尔沃','1',220,4400,'5'),('沪D4CZ16','比亚迪','1',160,3200,'5'),('沪D93893','保时捷','1',200,4000,'5'),('沪DV14X6','雪铁龙','1',200,4000,'5'),('津CD1U46','沃克斯豪尔','1',210,4200,'5'),('津CP947S','雪铁龙','1',200,4000,'5'),('津E009N1','奥迪','1',220,4400,'5'),('津E2FD73','林肯','1',180,3600,'5'),('浙C8V7P5','长城','1',160,3200,'5'),('浙D4G06Z','保时捷','1',200,4000,'5'),('浙F01W82','迈巴赫','1',210,4200,'5'),('浙FI874T','一汽大众','1',150,3000,'5'),('浙FV17I2','北京现代','1',160,3200,'5'),('浙GJ5D44','奔驰','1',170,3400,'5'),('浙GM7M59','沃尔沃','1',220,4400,'5'),('浙J1UY47','沃克斯豪尔','1',210,4200,'5'),('浙J8XH27','沃克斯豪尔','1',210,4200,'5'),('浙JB219N','沃克斯豪尔','1',210,4200,'5'),('浙L2LQ80','沃克斯豪尔','1',210,4200,'5'),('浙LA06X6','法拉利','1',200,4000,'5'),('渝AU6N98','雪铁龙','1',200,4000,'5'),('渝B367W9','雪铁龙','1',200,4000,'5'),('渝B3ZV97','长城','1',160,3200,'5'),('渝G1RU59','沃尔沃','1',220,4400,'5'),('渝G330H9','凯迪拉克','1',190,3800,'5'),('渝GW9M66','沃克斯豪尔','1',210,4200,'5'),('湘A83626','法拉利','1',200,4000,'5'),('湘B5V966','奔驰','1',170,3400,'5'),('湘B64BY8','福特','1',190,3800,'5'),('湘BX349F','沃克斯豪尔','1',210,4200,'5'),('湘CG9N21','沃克斯豪尔','1',210,4200,'5'),('湘CJ79N4','捷豹','1',190,3800,'5'),('湘DU6A14','长城','1',160,3200,'5'),('湘EG7J38','林肯','1',180,3600,'5'),('湘F1HS32','兰博基尼','1',170,3400,'5'),('湘F73BI1','凯迪拉克','1',190,3800,'5'),('湘GY57A7','迈巴赫','1',210,4200,'1'),('湘H15G36','一汽大众','1',150,3000,'5'),('湘K8T91K','福特','1',190,3800,'5'),('湘KU61F7','奔驰','1',170,3400,'5'),('湘N12A36','玛莎拉蒂','1',210,4200,'5'),('湘N5ZD89','保时捷','1',200,4000,'5'),('湘S33Q5V','奥迪','1',220,4400,'5'),('湘U0DE05','路虎','1',180,3600,'5'),('湘UF5379','比亚迪','1',160,3200,'5'),('琼AN5I43','夏利','1',150,3000,'5'),('琼DR5G50','奥迪','1',220,4400,'5'),('琼E4W56B','兰博基尼','1',170,3400,'5'),('琼E5S4H0','雪铁龙','1',200,4000,'5'),('琼E64Z9E','路虎','1',180,3600,'5'),('琼E81DN6','兰博基尼','1',170,3400,'5'),('甘A0P2U5','福特','1',190,3800,'5'),('甘B978RL','雪铁龙','1',200,4000,'5'),('甘J7V1R9','保时捷','1',200,4000,'5'),('甘J93406','法拉利','1',200,4000,'5'),('甘JT43C7','福特','1',190,3800,'5'),('甘K5583B','比亚迪','1',160,3200,'5'),('甘M60205','福特','1',190,3800,'5'),('甘MB56G1','沃尔沃','1',220,4400,'5'),('甘N8107C','比亚迪','1',160,3200,'5'),('甘P7EX99','宝马','1',170,3400,'5'),('甘PJ6Q09','林肯','1',180,3600,'5'),('甘PW7X95','捷豹','1',190,3800,'5'),('皖EH7N82','长城','1',160,3200,'5'),('皖G3WG53','沃克斯豪尔','1',210,4200,'5'),('皖HQ0908','奥迪','1',220,4400,'5'),('皖J36K49','雪佛兰','1',180,3600,'5'),('皖L511GV','林肯','1',180,3600,'5'),('皖LC43P6','宝马','1',170,3400,'5'),('皖LU0V52','比亚迪','1',160,3200,'5'),('皖P217M4','保时捷','1',200,4000,'5'),('皖P8872L','雪佛兰','1',180,3600,'5'),('皖R3257P','奔驰','1',170,3400,'5'),('粤B9SG75','沃尔沃','1',220,4400,'5'),('粤E054MJ','捷豹','1',190,3800,'5'),('粤F0GZ66','一汽大众','1',150,3000,'5'),('粤F3VB03','夏利','1',150,3000,'5'),('粤F68F94','宝马','1',170,3400,'5'),('粤FW907Q','福特','1',190,3800,'5'),('粤GK6U48','林肯','1',180,3600,'5'),('粤HQ269R','福特','1',190,3800,'5'),('粤KJ32W8','兰博基尼','1',170,3400,'5'),('粤L37801','保时捷','1',200,4000,'5'),('粤P22PM1','沃克斯豪尔','1',210,4200,'5'),('粤PB6Y33','长城','1',160,3200,'5'),('粤S96CL2','保时捷','1',200,4000,'5'),('粤TZ608J','沃尔沃','1',220,4400,'5'),('粤U69GF5','奥迪','1',220,4400,'5'),('粤V7CD61','宝马','1',170,3400,'5'),('粤VM3P03','奔驰','1',170,3400,'5'),('粤WT1688','迈巴赫','1',210,4200,'5'),('粤X3T2S2','福特','1',190,3800,'3'),('粤X98TW2','长城','1',160,3200,'5'),('粤Z30688','路虎','1',180,3600,'5'),('苏B149QS','长城','1',160,3200,'5'),('苏C3MJ76','兰博基尼','1',170,3400,'5'),('苏C6X105','雪铁龙','1',200,4000,'5'),('苏D9204E','宝马','1',170,3400,'5'),('苏EB0O25','雪佛兰','1',180,3600,'5'),('苏F4KJ14','沃克斯豪尔','1',210,4200,'5'),('苏G9579J','沃克斯豪尔','1',210,4200,'5'),('苏G9S5Z4','长城','1',160,3200,'5'),('苏J1NN36','雪铁龙','1',200,4000,'5'),('苏M486F0','宝马','1',170,3400,'5'),('蒙A22SI6','兰博基尼','1',170,3400,'5'),('蒙C595T7','夏利','1',150,3000,'5'),('蒙D5OI58','保时捷','1',200,4000,'5'),('蒙D5P4V6','沃尔沃','1',220,4400,'5'),('蒙D79851','兰博基尼','1',170,3400,'5'),('蒙ED02Q1','凯迪拉克','1',190,3800,'5'),('蒙EQ503P','捷豹','1',190,3800,'5'),('蒙EW90S6','玛莎拉蒂','1',210,4200,'5'),('蒙F475SR','沃尔沃','1',220,4400,'5'),('蒙K71VQ0','一汽大众','1',150,3000,'5'),('蒙L49SN3','法拉利','1',200,4000,'5'),('蒙M2FW66','雪铁龙','1',200,4000,'5'),('藏B45CK3','迈巴赫','1',210,4200,'5'),('藏D32R00','路虎','1',180,3600,'5'),('藏FB8A69','宝马','1',170,3400,'5'),('藏G37PU8','法拉利','1',200,4000,'5'),('藏G7UD94','林肯','1',180,3600,'5'),('藏GO7H96','凯迪拉克','1',190,3800,'5'),('藏H39P2T','林肯','1',180,3600,'5'),('藏H7WC71','比亚迪','1',160,3200,'5'),('藏J2Q4V1','一汽大众','1',150,3000,'5'),('藏JJ6W46','玛莎拉蒂','1',210,4200,'5'),('豫BI6474','宝马','1',170,3400,'5'),('豫D8Y929','沃克斯豪尔','1',210,4200,'5'),('豫DA1J96','路虎','1',180,3600,'5'),('豫DC2D03','一汽大众','1',150,3000,'5'),('豫DK718F','比亚迪','1',160,3200,'5'),('豫E727YJ','凯迪拉克','1',190,3800,'5'),('豫G9HK28','福特','1',190,3800,'5'),('豫HX9X56','雪佛兰','1',180,3600,'5'),('豫JM5Z31','宝马','1',170,3400,'5'),('豫L2IB17','雪铁龙','1',200,4000,'5'),('豫L2UV11','雪铁龙','1',200,4000,'5'),('豫L600KW','奔驰','1',170,3400,'5'),('豫L7C407','凯迪拉克','1',190,3800,'5'),('豫LI3E35','雪佛兰','1',180,3600,'5'),('豫N49561','兰博基尼','1',170,3400,'5'),('豫N5R19A','宝马','1',170,3400,'5'),('豫NU5D29','保时捷','1',200,4000,'5'),('豫P854Q9','林肯','1',180,3600,'5'),('豫QA4035','沃克斯豪尔','1',210,4200,'5'),('豫RV0F78','长城','1',160,3200,'5'),('豫S32R2O','长城','1',160,3200,'5'),('豫UN3E30','捷豹','1',190,3800,'5'),('贵BY7G54','玛莎拉蒂','1',210,4200,'5'),('贵C2VQ33','凯迪拉克','1',190,3800,'5'),('贵D6B80D','宝马','1',170,3400,'5'),('贵F529HJ','雪铁龙','1',200,4000,'5'),('贵FN0U90','雪佛兰','1',180,3600,'5'),('贵G66W98','法拉利','1',200,4000,'5'),('贵G8LF58','捷豹','1',190,3800,'5'),('贵H14IV2','长城','1',160,3200,'5'),('贵H2S0Y6','宝马','1',170,3400,'5'),('赣A0WM39','一汽大众','1',150,3000,'5'),('赣A148I6','夏利','1',150,3000,'5'),('赣AG1619','雪铁龙','1',200,4000,'5'),('赣BX5439','奔驰','1',170,3400,'5'),('赣D2C898','玛莎拉蒂','1',210,4200,'5'),('赣E15TV4','路虎','1',180,3600,'5'),('赣E2BW74','夏利','1',150,3000,'5'),('赣E4Q7A4','路虎','1',180,3600,'5'),('赣F66860','奥迪','1',220,4400,'5'),('赣FD5C74','比亚迪','1',160,3200,'5'),('赣G85450','宝马','1',170,3400,'5'),('赣G8VF71','北京现代','1',160,3200,'4'),('赣HA3744','凯迪拉克','1',190,3800,'5'),('赣J9HB54','宝马','1',170,3400,'5'),('赣K3W035','沃尔沃','1',220,4400,'5'),('赣L213V5','一汽大众','1',150,3000,'5'),('赣L3H1D0','奔驰','1',170,3400,'5'),('赣MK53L1','兰博基尼','1',170,3400,'5'),('辽F03O8B','北京现代','1',160,3200,'5'),('辽F7I1Y8','雪铁龙','1',200,4000,'5'),('辽GI0497','夏利','1',150,3000,'5'),('辽H4G51H','沃尔沃','1',220,4400,'3'),('辽H52T67','雪铁龙','1',200,4000,'5'),('辽K986G3','雪佛兰','1',180,3600,'5'),('辽KT6X29','宝马','1',170,3400,'5'),('辽KZ2T68','福特','1',190,3800,'5'),('辽L0S444','兰博基尼','1',170,3400,'5'),('辽L50308','兰博基尼','1',170,3400,'5'),('辽LZ08W9','北京现代','1',160,3200,'5'),('辽MS34X8','北京现代','1',160,3200,'5'),('辽N944V9','法拉利','1',200,4000,'5'),('辽P0YW12','一汽大众','1',150,3000,'5'),('辽PQ4C41','林肯','1',180,3600,'5'),('鄂B6PV71','路虎','1',180,3600,'5'),('鄂B716PU','法拉利','1',200,4000,'5'),('鄂G2ON68','夏利','1',150,3000,'5'),('鄂HE7466','捷豹','1',190,3800,'5'),('鄂P58073','一汽大众','1',150,3000,'5'),('闽AK14N1','宝马','1',170,3400,'5'),('闽F7J6Z4','长城','1',160,3200,'5'),('闽FW5410','夏利','1',150,3000,'5'),('闽G99JZ5','兰博基尼','1',170,3400,'5'),('闽GK8Z06','一汽大众','1',150,3000,'5'),('闽H9FT39','奥迪','1',220,4400,'5'),('闽JL6O28','玛莎拉蒂','1',210,4200,'5'),('闽K8H6J2','福特','1',190,3800,'5'),('闽KE6I49','一汽大众','1',150,3000,'5'),('陕A6EE81','玛莎拉蒂','1',210,4200,'5'),('陕AN287S','夏利','1',150,3000,'5'),('陕B2WN32','福特','1',190,3800,'5'),('陕B961U7','宝马','1',170,3400,'5'),('陕BD0U66','法拉利','1',200,4000,'5'),('陕C87H7O','兰博基尼','1',170,3400,'5'),('陕FK6X01','沃尔沃','1',220,4400,'5'),('陕H0YB97','迈巴赫','1',210,4200,'5'),('陕HC1G19','法拉利','1',200,4000,'5'),('陕J1IN50','福特','1',190,3800,'5'),('陕J38FY0','沃尔沃','1',220,4400,'5'),('陕JQ89H1','宝马','1',170,3400,'5'),('陕V39512','奥迪','1',220,4400,'5'),('陕V6P575','北京现代','1',160,3200,'5'),('青B154E3','兰博基尼','1',170,3400,'5'),('青BJ9T25','沃尔沃','1',220,4400,'5'),('青D089FA','保时捷','1',200,4000,'5'),('青D53QN7','宝马','1',170,3400,'5'),('青E09AO3','夏利','1',150,3000,'5'),('青E11OT0','福特','1',190,3800,'5'),('青E714G8','宝马','1',170,3400,'5'),('青F26320','夏利','1',150,3000,'5'),('青FH46G9','一汽大众','1',150,3000,'5'),('青G5UL16','福特','1',190,3800,'5'),('鲁A28LW8','路虎','1',180,3600,'5'),('鲁A35T71','迈巴赫','1',210,4200,'5'),('鲁AC4H76','路虎','1',180,3600,'5'),('鲁AT71G5','林肯','1',180,3600,'5'),('鲁DK8J53','福特','1',190,3800,'5'),('鲁G745VU','北京现代','1',160,3200,'5'),('鲁JJ75L2','兰博基尼','1',170,3400,'5'),('鲁K04JZ6','雪佛兰','1',180,3600,'5'),('鲁KO0Y62','保时捷','1',200,4000,'5'),('鲁L52L2T','奥迪','1',220,4400,'5'),('鲁LW8R24','一汽大众','1',150,3000,'5'),('鲁M0BB95','福特','1',190,3800,'5'),('鲁N29856','法拉利','1',200,4000,'5'),('鲁P60177','迈巴赫','1',210,4200,'5'),('鲁P69TY3','沃尔沃','1',220,4400,'5'),('鲁Q1AD54','长城','1',160,3200,'5'),('鲁QS803V','北京现代','1',160,3200,'5'),('鲁R9J03L','兰博基尼','1',170,3400,'5'),('鲁S09F9N','宝马','1',170,3400,'5'),('鲁U7SW61','雪铁龙','1',200,4000,'5'),('鲁UH0723','一汽大众','1',150,3000,'5'),('鲁UL4V31','沃克斯豪尔','1',210,4200,'5'),('鲁UO11E8','保时捷','1',200,4000,'5'),('黑A11X2B','宝马','1',170,3400,'5'),('黑B6XF85','捷豹','1',190,3800,'5'),('黑CT4N63','迈巴赫','1',210,4200,'5'),('黑D16CI1','沃克斯豪尔','1',210,4200,'5'),('黑EY9338','福特','1',190,3800,'5'),('黑F4K7K2','玛莎拉蒂','1',210,4200,'5'),('黑F4X1A3','沃尔沃','1',220,4400,'5'),('黑G437HP','捷豹','1',190,3800,'5'),('黑H6W3N9','宝马','1',170,3400,'5'),('黑H715Y4','沃尔沃','1',220,4400,'5'),('黑K3G494','林肯','1',180,3600,'5'),('黑K48WL8','路虎','1',180,3600,'5'),('黑K6KO36','雪佛兰','1',180,3600,'5'),('黑K78380','兰博基尼','1',170,3400,'5'),('黑K8MX00','夏利','1',150,3000,'5'),('黑M3LI65','兰博基尼','1',170,3400,'5'),('黑N1DT31','一汽大众','1',150,3000,'5'),('黑P81BJ8','捷豹','1',190,3800,'5'),('黑R3PV04','迈巴赫','1',210,4200,'5'),('黑R5H9H8','宝马','1',170,3400,'5');
/*!40000 ALTER TABLE `Car` ENABLE KEYS */;
UNLOCK TABLES;

--
-- Table structure for table `Client`
--

DROP TABLE IF EXISTS `Client`;
/*!40101 SET @saved_cs_client     = @@character_set_client */;
/*!40101 SET character_set_client = utf8 */;
CREATE TABLE `Client` (
  `clientID` char(8) NOT NULL,
  `clientName` varchar(20) NOT NULL,
  `contact` char(11) DEFAULT NULL,
  `credit` int(11) NOT NULL DEFAULT '0',
  `isVIP` char(1) NOT NULL DEFAULT '0',
  PRIMARY KEY (`clientID`)
) ENGINE=InnoDB DEFAULT CHARSET=utf8;
/*!40101 SET character_set_client = @saved_cs_client */;

--
-- Dumping data for table `Client`
--

LOCK TABLES `Client` WRITE;
/*!40000 ALTER TABLE `Client` DISABLE KEYS */;
INSERT INTO `Client` VALUES ('1','贾探春',NULL,501,'1'),('2','秦可卿',NULL,489,'1'),('3','王熙凤','',544,'1'),('4','花袭人',NULL,733,'1'),('5','贾惜春',NULL,258,'0'),('6','Anna','1234567',0,'0');
/*!40000 ALTER TABLE `Client` ENABLE KEYS */;
UNLOCK TABLES;

--
-- Table structure for table `Employee`
--

DROP TABLE IF EXISTS `Employee`;
/*!40101 SET @saved_cs_client     = @@character_set_client */;
/*!40101 SET character_set_client = utf8 */;
CREATE TABLE `Employee` (
  `employeeID` char(8) NOT NULL,
  `employeeName` varchar(20) NOT NULL,
  `age` int(11) DEFAULT NULL,
  PRIMARY KEY (`employeeID`)
) ENGINE=InnoDB DEFAULT CHARSET=utf8;
/*!40101 SET character_set_client = @saved_cs_client */;

--
-- Dumping data for table `Employee`
--

LOCK TABLES `Employee` WRITE;
/*!40000 ALTER TABLE `Employee` DISABLE KEYS */;
INSERT INTO `Employee` VALUES ('1','彭毅涛',NULL),('2','贾宝玉',NULL),('3','薛宝钗',20),('4','史湘云',NULL),('5','1',0);
/*!40000 ALTER TABLE `Employee` ENABLE KEYS */;
UNLOCK TABLES;

--
-- Table structure for table `Finance`
--

DROP TABLE IF EXISTS `Finance`;
/*!40101 SET @saved_cs_client     = @@character_set_client */;
/*!40101 SET character_set_client = utf8 */;
CREATE TABLE `Finance` (
  `finID` char(8) NOT NULL,
  `amount` int(11) NOT NULL,
  `actID` char(8) NOT NULL,
  `fintype` char(1) NOT NULL,
  `fintime` timestamp NOT NULL DEFAULT CURRENT_TIMESTAMP ON UPDATE CURRENT_TIMESTAMP,
  PRIMARY KEY (`finID`),
  KEY `finance_ibfk_1` (`actID`),
  CONSTRAINT `finance_ibfk_1` FOREIGN KEY (`actID`) REFERENCES `Activity` (`actID`) ON DELETE CASCADE ON UPDATE CASCADE
) ENGINE=InnoDB DEFAULT CHARSET=utf8;
/*!40101 SET character_set_client = @saved_cs_client */;

--
-- Dumping data for table `Finance`
--

LOCK TABLES `Finance` WRITE;
/*!40000 ALTER TABLE `Finance` DISABLE KEYS */;
INSERT INTO `Finance` VALUES ('1',3800,'1','0','2020-06-18 03:02:52'),('10',70,'8','3','2020-06-18 03:09:04'),('11',100,'9','3','2020-06-18 03:09:07'),('12',2400,'10','1','2020-06-18 03:10:32'),('13',4000,'10','5','2020-06-18 03:10:32'),('14',210,'10','6','2020-06-18 03:10:32'),('15',300,'11','2','2020-06-18 03:10:32'),('16',1800,'12','0','2020-06-18 03:11:46'),('17',380,'13','4','2020-06-18 03:13:54'),('18',600,'14','4','2020-06-18 03:14:15'),('19',20,'15','3','2020-06-18 03:14:56'),('2',100,'2','3','2020-06-18 03:03:36'),('20',150,'16','3','2020-06-18 03:15:00'),('21',200,'17','3','2020-06-18 03:15:03'),('22',3960,'18','1','2020-06-18 03:16:14'),('23',1800,'18','5','2020-06-18 03:16:14'),('24',370,'18','6','2020-06-18 03:16:14'),('25',360,'19','2','2020-06-18 03:16:14'),('26',3400,'20','0','2020-06-18 03:25:07'),('27',720,'21','4','2020-06-18 03:26:05'),('28',60,'22','3','2020-06-18 03:26:34'),('29',200,'23','3','2020-06-18 03:26:42'),('3',50,'3','3','2020-06-18 03:03:40'),('30',1360,'24','1','2020-06-18 03:28:20'),('31',3400,'24','5','2020-06-18 03:28:20'),('32',260,'24','6','2020-06-18 03:28:20'),('33',85,'25','2','2020-06-18 03:28:20'),('34',4400,'26','0','2020-06-18 03:29:23'),('35',170,'27','4','2020-06-18 03:30:06'),('36',100,'28','3','2020-06-18 03:31:17'),('37',880,'29','1','2020-06-18 03:31:33'),('38',4400,'29','5','2020-06-18 03:31:33'),('39',100,'29','6','2020-06-18 03:31:33'),('4',3230,'4','1','2020-06-18 03:07:08'),('40',110,'30','2','2020-06-18 03:31:33'),('41',220,'31','4','2020-06-18 03:32:04'),('42',2000,'32','0','2020-06-18 03:34:59'),('43',1200,'33','1','2020-06-18 03:35:44'),('44',2000,'33','5','2020-06-18 03:35:44'),('45',0,'33','6','2020-06-18 03:35:44'),('46',100,'34','2','2020-06-18 03:35:44'),('47',3800,'35','0','2020-06-18 03:36:29'),('48',100,'36','3','2020-06-18 03:37:07'),('49',50,'37','3','2020-06-18 03:37:12'),('5',3800,'4','5','2020-06-18 03:07:08'),('50',3040,'38','1','2020-06-18 03:37:38'),('51',3800,'38','5','2020-06-18 03:37:38'),('52',150,'38','6','2020-06-18 03:37:38'),('53',190,'39','2','2020-06-18 03:37:38'),('54',380,'40','4','2020-06-18 03:38:18'),('55',360,'41','4','2020-06-18 03:38:21'),('56',4400,'42','0','2020-06-18 03:39:27'),('57',100,'43','3','2020-06-18 03:40:44'),('58',220,'44','1','2020-06-18 03:41:13'),('59',4400,'44','5','2020-06-18 03:41:13'),('6',150,'4','6','2020-06-18 03:07:08'),('60',100,'44','6','2020-06-18 03:41:13'),('61',220,'45','2','2020-06-18 03:41:13'),('62',3400,'46','0','2020-06-18 03:43:12'),('63',680,'47','1','2020-06-18 03:44:09'),('64',3400,'47','5','2020-06-18 03:44:09'),('65',0,'47','6','2020-06-18 03:44:09'),('66',85,'48','2','2020-06-18 03:44:09'),('67',3800,'49','0','2020-06-18 03:44:58'),('68',40,'50','3','2020-06-18 03:45:47'),('69',100,'51','3','2020-06-18 03:45:52'),('7',190,'5','2','2020-06-18 03:07:08'),('70',950,'52','1','2020-06-18 03:46:34'),('71',3800,'52','5','2020-06-18 03:46:34'),('72',140,'52','6','2020-06-18 03:46:34'),('73',190,'53','2','2020-06-18 03:46:34'),('74',170,'54','4','2020-06-18 03:46:52'),('75',200,'55','4','2020-06-18 03:46:55'),('76',360,'56','4','2020-06-18 03:47:10'),('77',3200,'57','0','2020-06-18 03:48:51'),('78',320,'58','1','2020-06-18 03:49:47'),('79',3200,'58','5','2020-06-18 03:49:47'),('8',4000,'6','0','2020-06-18 03:08:13'),('80',0,'58','6','2020-06-18 03:49:47'),('81',80,'59','2','2020-06-18 03:49:47'),('82',2000,'60','0','2020-06-18 03:50:35'),('83',100,'61','3','2020-06-18 03:52:15'),('84',60,'62','3','2020-06-18 03:52:20'),('85',50,'63','3','2020-06-18 03:52:23'),('86',600,'64','1','2020-06-18 03:52:34'),('87',2000,'64','5','2020-06-18 03:52:34'),('88',210,'64','6','2020-06-18 03:52:34'),('89',300,'65','2','2020-06-18 03:52:34'),('9',40,'7','3','2020-06-18 03:08:50'),('90',600,'66','4','2020-06-18 03:52:51'),('91',1700,'67','0','2020-06-18 03:54:10'),('92',170,'68','1','2020-06-18 03:54:54'),('93',1700,'68','5','2020-06-18 03:54:54'),('94',0,'68','6','2020-06-18 03:54:54'),('95',85,'69','2','2020-06-18 03:54:54');
/*!40000 ALTER TABLE `Finance` ENABLE KEYS */;
UNLOCK TABLES;

--
-- Table structure for table `Users`
--

DROP TABLE IF EXISTS `Users`;
/*!40101 SET @saved_cs_client     = @@character_set_client */;
/*!40101 SET character_set_client = utf8 */;
CREATE TABLE `Users` (
  `userID` char(10) NOT NULL,
  `password` char(20) NOT NULL,
  `clientID` char(8) DEFAULT NULL,
  `employeeID` char(8) DEFAULT NULL,
  `authority` char(1) NOT NULL,
  PRIMARY KEY (`userID`),
  KEY `users_ibfk_1` (`clientID`),
  KEY `users_ibfk_2` (`employeeID`),
  CONSTRAINT `users_ibfk_2` FOREIGN KEY (`employeeID`) REFERENCES `Employee` (`employeeID`) ON DELETE CASCADE ON UPDATE CASCADE,
  CONSTRAINT `users_ibfk_3` FOREIGN KEY (`clientID`) REFERENCES `Client` (`clientID`) ON DELETE CASCADE ON UPDATE CASCADE
) ENGINE=InnoDB DEFAULT CHARSET=utf8;
/*!40101 SET character_set_client = @saved_cs_client */;

--
-- Dumping data for table `Users`
--

LOCK TABLES `Users` WRITE;
/*!40000 ALTER TABLE `Users` DISABLE KEYS */;
INSERT INTO `Users` VALUES ('1','111','1',NULL,'3'),('10','111','5',NULL,'3'),('11','111','6',NULL,'3'),('2','111',NULL,'1','2'),('3','111',NULL,'2','1'),('4','111',NULL,'3','2'),('5','111',NULL,'4','1'),('6','111','2',NULL,'3'),('7','111','3',NULL,'3'),('8','1',NULL,'5','1'),('9','111','4',NULL,'3');
/*!40000 ALTER TABLE `Users` ENABLE KEYS */;
UNLOCK TABLES;

--
-- Table structure for table `testTable`
--

DROP TABLE IF EXISTS `testTable`;
/*!40101 SET @saved_cs_client     = @@character_set_client */;
/*!40101 SET character_set_client = utf8 */;
CREATE TABLE `testTable` (
  `test` varchar(255) NOT NULL,
  PRIMARY KEY (`test`)
) ENGINE=InnoDB DEFAULT CHARSET=ascii;
/*!40101 SET character_set_client = @saved_cs_client */;

--
-- Dumping data for table `testTable`
--

LOCK TABLES `testTable` WRITE;
/*!40000 ALTER TABLE `testTable` DISABLE KEYS */;
INSERT INTO `testTable` VALUES ('1'),('2'),('3');
/*!40000 ALTER TABLE `testTable` ENABLE KEYS */;
UNLOCK TABLES;
/*!40103 SET TIME_ZONE=@OLD_TIME_ZONE */;

/*!40101 SET SQL_MODE=@OLD_SQL_MODE */;
/*!40014 SET FOREIGN_KEY_CHECKS=@OLD_FOREIGN_KEY_CHECKS */;
/*!40014 SET UNIQUE_CHECKS=@OLD_UNIQUE_CHECKS */;
/*!40101 SET CHARACTER_SET_CLIENT=@OLD_CHARACTER_SET_CLIENT */;
/*!40101 SET CHARACTER_SET_RESULTS=@OLD_CHARACTER_SET_RESULTS */;
/*!40101 SET COLLATION_CONNECTION=@OLD_COLLATION_CONNECTION */;
/*!40111 SET SQL_NOTES=@OLD_SQL_NOTES */;

-- Dump completed on 2020-06-18 19:47:55
